id,repo,fix,bic,link 
3066,rauc/rauc,47506997dc45edbc27b3a0e7c22935606ebcac98,666bff0a812a75fd9aa19ed334b285d7a9b6a183,https://github.com/rauc/rauc/commit/47506997dc45edbc27b3a0e7c22935606ebcac98
1280,OKaluza/LavaVu,e93f1e9d5de4b1ffa84f1d125fa71af56ba45e47,e591c7d0f8d6d19d35227709676574fb632c9417,https://github.com/OKaluza/LavaVu/commit/e93f1e9d5de4b1ffa84f1d125fa71af56ba45e47
1613,arista-eosplus/ztpserver,d39f7208799cddc1447699dd45867657457e7430,b16eff8b825ee4266537e634716b54f0f745fe1e,https://github.com/arista-eosplus/ztpserver/commit/d39f7208799cddc1447699dd45867657457e7430
1613,arista-eosplus/ztpserver,d39f7208799cddc1447699dd45867657457e7430,5044860b6d911ede7eb198eeadab24ec782d7192,https://github.com/arista-eosplus/ztpserver/commit/d39f7208799cddc1447699dd45867657457e7430
1613,arista-eosplus/ztpserver,d39f7208799cddc1447699dd45867657457e7430,66c9b1f382ff5cc06cc58693cb8e31f4ed199425,https://github.com/arista-eosplus/ztpserver/commit/d39f7208799cddc1447699dd45867657457e7430
1613,arista-eosplus/ztpserver,d39f7208799cddc1447699dd45867657457e7430,d10f15aac0213a4cb34e2e3ce83259e03e806f37,https://github.com/arista-eosplus/ztpserver/commit/d39f7208799cddc1447699dd45867657457e7430
1613,arista-eosplus/ztpserver,d39f7208799cddc1447699dd45867657457e7430,3e6f2ed2707f398365604ffc50121f1da48a61a4,https://github.com/arista-eosplus/ztpserver/commit/d39f7208799cddc1447699dd45867657457e7430
2980,systemd/systemd,7bb55ed099f611ec7077db69684a6cb93d42dc70,b77c08e06b67d5b1dd8aaf67b732e93851d8ae43,https://github.com/systemd/systemd/commit/7bb55ed099f611ec7077db69684a6cb93d42dc70
898,Marty-D/Pokemon-Showdown,684a2a4418a74fc363e4c6eaf731a2aebace6384,5c8fc7b9821522d20e211c6d1fabe36c9fa6721f,https://github.com/Marty-D/Pokemon-Showdown/commit/684a2a4418a74fc363e4c6eaf731a2aebace6384
